Movie,TrackType,Codec,DurationSec
"ALL",prescan,ffprobe,0.05
"Ananas Express (2008).mkv",subtitle,hdmv_pgs_subtitle,23.65
"Ananas Express (2008).mkv",subtitle,hdmv_pgs_subtitle,20.72
"Ananas Express (2008).mkv",audio,,2.91
"Ananas Express (2008).mkv",audio,,1.02
"ALL",prescan,ffprobe,0.63
"Ananas Express (2008).mkv",subtitle,hdmv_pgs_subtitle,25.40
"Ananas Express (2008).mkv",subtitle,hdmv_pgs_subtitle,22.34
"Ananas Express (2008).mkv",audio,,2.87
"Ananas Express (2008).mkv",audio,,1.02
"ALL",prescan,ffprobe,0.05
"Ananas Express (2008).mkv",subtitle,hdmv_pgs_subtitle,23.39
"Ananas Express (2008).mkv",subtitle,hdmv_pgs_subtitle,21.13
"Ananas Express (2008).mkv",audio,,2.88
"Ananas Express (2008).mkv",audio,,1.03
"ALL",prescan,ffprobe,0.06
"Ananas Express (2008).mkv",subtitle,hdmv_pgs_subtitle,24.66
"Ananas Express (2008).mkv",subtitle,hdmv_pgs_subtitle,21.24
"Ananas Express (2008).mkv",audio,,2.90
"Ananas Express (2008).mkv",audio,,1.03
"ALL",prescan,ffprobe,0.05
"Ananas Express (2008).mkv",subtitle,hdmv_pgs_subtitle,24.24
"Ananas Express (2008).mkv",subtitle,hdmv_pgs_subtitle,22.34
"Ananas Express (2008).mkv",audio,,2.87
"Ananas Express (2008).mkv",audio,,1.04
"ALL",prescan,ffprobe,0.05
"Ananas Express (2008).mkv",subtitle,hdmv_pgs_subtitle,24.77
"Ananas Express (2008).mkv",subtitle,hdmv_pgs_subtitle,28.81
"Ananas Express (2008).mkv",audio,,2.97
"Ananas Express (2008).mkv",audio,,1.10
"ALL",prescan,ffprobe,0.05
"Ananas Express (2008).mkv",subtitle,hdmv_pgs_subtitle,29.86
"Ananas Express (2008).mkv",subtitle,hdmv_pgs_subtitle,25.65
"Ananas Express (2008).mkv",audio,,2.94
"Ananas Express (2008).mkv",audio,,1.03
"ALL",prescan,ffprobe,0.05
"Ananas Express (2008).mkv",subtitle,hdmv_pgs_subtitle,23.19
"Ananas Express (2008).mkv",subtitle,hdmv_pgs_subtitle,20.64
"Ananas Express (2008).mkv",audio,,2.87
"Ananas Express (2008).mkv",audio,,1.02
"ALL",prescan,ffprobe,0.05
"Ananas Express (2008).mkv",subtitle,hdmv_pgs_subtitle,25.16
"Ananas Express (2008).mkv",subtitle,hdmv_pgs_subtitle,21.86
"Ananas Express (2008).mkv",audio,,2.89
"Ananas Express (2008).mkv",audio,,1.02
"ALL",prescan,ffprobe,0.05
"Ananas Express (2008).mkv",subtitle,hdmv_pgs_subtitle,29.65
"Ananas Express (2008).mkv",subtitle,hdmv_pgs_subtitle,26.42
"Ananas Express (2008).mkv",audio,,2.96
"Ananas Express (2008).mkv",audio,,1.03
"ALL",prescan,ffprobe,1.41
"Black Swan (2010).mkv",audio,,1.61
"Black Swan (2010).mkv",audio,,1.16
"Blood Diamond 2006.mp4",audio,,0.99
"Catch Me If You Can.mp4",audio,,1.01
"Das ist das Ende.mkv",audio,,0.96
"Der Schatzplanet.mp4",audio,,1.06
"Die Highligen Drei Könige (2015).mkv",audio,,0.96
"Die Highligen Drei Könige (2015).mkv",audio,,0.93
"Ein Minecraft Film.mp4",audio,,1.02
"Evil Dead Rise.mp4",audio,,1.04
"Get Rich or Die Tryin' (2005).mp4",audio,,1.01
"Inception 2010.mp4",audio,,0.99
"Interstellar.mp4",audio,,1.02
"Lord Of War.mkv",audio,,0.99
"Now You See Me (2013).mp4",audio,,1.06
"Perfume The Story Of A Murderer (2006).mkv",subtitle,hdmv_pgs_subtitle,33.20
"Perfume The Story Of A Murderer (2006).mkv",subtitle,hdmv_pgs_subtitle,27.16
"Perfume The Story Of A Murderer (2006).mkv",subtitle,hdmv_pgs_subtitle,27.58
"Perfume The Story Of A Murderer (2006).mkv",subtitle,hdmv_pgs_subtitle,31.38
"Perfume The Story Of A Murderer (2006).mkv",subtitle,hdmv_pgs_subtitle,31.97
"Perfume The Story Of A Murderer (2006).mkv",subtitle,hdmv_pgs_subtitle,22.09
"Perfume The Story Of A Murderer (2006).mkv",subtitle,hdmv_pgs_subtitle,19.56
"Perfume The Story Of A Murderer (2006).mkv",audio,,1.06
"Perfume The Story Of A Murderer (2006).mkv",audio,,1.22
"Prestige - Meister der Magie (2006).mkv",subtitle,subrip,0.02
"Prestige - Meister der Magie (2006).mkv",subtitle,subrip,0.02
"Prestige - Meister der Magie (2006).mkv",subtitle,hdmv_pgs_subtitle,35.11
"Prestige - Meister der Magie (2006).mkv",subtitle,hdmv_pgs_subtitle,24.46
"Prestige - Meister der Magie (2006).mkv",subtitle,hdmv_pgs_subtitle,24.86
"Prestige - Meister der Magie (2006).mkv",subtitle,hdmv_pgs_subtitle,33.29
"Prestige - Meister der Magie (2006).mkv",subtitle,hdmv_pgs_subtitle,23.75
"Prestige - Meister der Magie (2006).mkv",subtitle,hdmv_pgs_subtitle,33.75
"Prestige - Meister der Magie (2006).mkv",subtitle,hdmv_pgs_subtitle,32.75
"Prestige - Meister der Magie (2006).mkv",subtitle,hdmv_pgs_subtitle,33.87
"Prestige - Meister der Magie (2006).mkv",subtitle,hdmv_pgs_subtitle,24.16
"Prestige - Meister der Magie (2006).mkv",subtitle,hdmv_pgs_subtitle,25.07
"Prestige - Meister der Magie (2006).mkv",subtitle,hdmv_pgs_subtitle,25.01
"Prestige - Meister der Magie (2006).mkv",subtitle,hdmv_pgs_subtitle,33.06
"Prestige - Meister der Magie (2006).mkv",subtitle,hdmv_pgs_subtitle,33.91
"Prestige - Meister der Magie (2006).mkv",subtitle,hdmv_pgs_subtitle,19.74
"Prestige - Meister der Magie (2006).mkv",subtitle,hdmv_pgs_subtitle,28.25
"Prestige - Meister der Magie (2006).mkv",subtitle,hdmv_pgs_subtitle,31.71
"Prestige - Meister der Magie (2006).mkv",subtitle,hdmv_pgs_subtitle,25.18
"Prestige - Meister der Magie (2006).mkv",subtitle,hdmv_pgs_subtitle,22.52
"Prestige - Meister der Magie (2006).mkv",subtitle,hdmv_pgs_subtitle,27.17
"Prestige - Meister der Magie (2006).mkv",subtitle,hdmv_pgs_subtitle,20.64
"Prestige - Meister der Magie (2006).mkv",subtitle,hdmv_pgs_subtitle,20.83
"Prestige - Meister der Magie (2006).mkv",subtitle,hdmv_pgs_subtitle,27.14
"Prestige - Meister der Magie (2006).mkv",subtitle,hdmv_pgs_subtitle,20.29
"Prestige - Meister der Magie (2006).mkv",subtitle,hdmv_pgs_subtitle,27.24
"Prestige - Meister der Magie (2006).mkv",subtitle,hdmv_pgs_subtitle,27.80
"Prestige - Meister der Magie (2006).mkv",subtitle,hdmv_pgs_subtitle,27.44
"Prestige - Meister der Magie (2006).mkv",subtitle,hdmv_pgs_subtitle,18.94
"Prestige - Meister der Magie (2006).mkv",subtitle,hdmv_pgs_subtitle,22.99
"Prestige - Meister der Magie (2006).mkv",audio,,1.14
"Prestige - Meister der Magie (2006).mkv",audio,,1.31
"Prestige - Meister der Magie (2006).mkv",muxing,,32.21
"Red One.mp4",audio,,0.97
"Sausage Party - Es geht um die Wurst (2016).mkv",subtitle,hdmv_pgs_subtitle,26.66
"Sausage Party - Es geht um die Wurst (2016).mkv",subtitle,hdmv_pgs_subtitle,21.85
"Sausage Party - Es geht um die Wurst (2016).mkv",subtitle,hdmv_pgs_subtitle,13.18
"Sausage Party - Es geht um die Wurst (2016).mkv",subtitle,hdmv_pgs_subtitle,22.75
"Sausage Party - Es geht um die Wurst (2016).mkv",subtitle,hdmv_pgs_subtitle,22.37
"Sausage Party - Es geht um die Wurst (2016).mkv",subtitle,hdmv_pgs_subtitle,22.54
"Sausage Party - Es geht um die Wurst (2016).mkv",subtitle,hdmv_pgs_subtitle,22.61
"Sausage Party - Es geht um die Wurst (2016).mkv",subtitle,hdmv_pgs_subtitle,13.49
"Sausage Party - Es geht um die Wurst (2016).mkv",subtitle,hdmv_pgs_subtitle,13.67
"Sausage Party - Es geht um die Wurst (2016).mkv",subtitle,hdmv_pgs_subtitle,22.39
"Sausage Party - Es geht um die Wurst (2016).mkv",subtitle,hdmv_pgs_subtitle,22.47
"Sausage Party - Es geht um die Wurst (2016).mkv",subtitle,hdmv_pgs_subtitle,15.56
"Sausage Party - Es geht um die Wurst (2016).mkv",subtitle,hdmv_pgs_subtitle,22.52
"Sausage Party - Es geht um die Wurst (2016).mkv",subtitle,hdmv_pgs_subtitle,22.61
"Sausage Party - Es geht um die Wurst (2016).mkv",subtitle,hdmv_pgs_subtitle,13.75
"Sausage Party - Es geht um die Wurst (2016).mkv",subtitle,hdmv_pgs_subtitle,22.31
"Sausage Party - Es geht um die Wurst (2016).mkv",subtitle,hdmv_pgs_subtitle,22.49
"Sausage Party - Es geht um die Wurst (2016).mkv",subtitle,hdmv_pgs_subtitle,22.30
"Sausage Party - Es geht um die Wurst (2016).mkv",subtitle,hdmv_pgs_subtitle,22.39
"Sausage Party - Es geht um die Wurst (2016).mkv",subtitle,hdmv_pgs_subtitle,15.28
"Sausage Party - Es geht um die Wurst (2016).mkv",audio,,1.06
"Sausage Party - Es geht um die Wurst (2016).mkv",audio,,1.16
"Schindlers Liste (1993).mkv",subtitle,hdmv_pgs_subtitle,28.28
"Schindlers Liste (1993).mkv",subtitle,hdmv_pgs_subtitle,27.66
"Schindlers Liste (1993).mkv",subtitle,hdmv_pgs_subtitle,25.20
"Schindlers Liste (1993).mkv",subtitle,hdmv_pgs_subtitle,29.30
"Schindlers Liste (1993).mkv",subtitle,hdmv_pgs_subtitle,26.39
"Schindlers Liste (1993).mkv",audio,,3.15
"Schindlers Liste (1993).mkv",audio,,1.07
"Shape of Water - Das Flüstern des Wassers (2017).mkv",subtitle,subrip,0.01
"Shape of Water - Das Flüstern des Wassers (2017).mkv",subtitle,hdmv_pgs_subtitle,24.91
"Shape of Water - Das Flüstern des Wassers (2017).mkv",subtitle,hdmv_pgs_subtitle,21.74
"Shape of Water - Das Flüstern des Wassers (2017).mkv",audio,,1.34
"Shape of Water - Das Flüstern des Wassers (2017).mkv",audio,,1.15
"Shape of Water - Das Flüstern des Wassers (2017).mkv",muxing,,12.42
"ALL",prescan,ffprobe,0.09
"ALL",prescan,ffprobe,0.09
"ALL",prescan,ffprobe,0.08
"Die Schneegesellschaft.mp4",audio,,2.95
"ALL",prescan,ffprobe,0.05
"Shape of Water - Das Flüstern des Wassers (2017).mkv",subtitle,subrip,0.22
"Shape of Water - Das Flüstern des Wassers (2017).mkv",subtitle,hdmv_pgs_subtitle,27.71
"Shape of Water - Das Flüstern des Wassers (2017).mkv",subtitle,hdmv_pgs_subtitle,24.07
"Shape of Water - Das Flüstern des Wassers (2017).mkv",audio,,3.40
"Shape of Water - Das Flüstern des Wassers (2017).mkv",audio,,1.18
"Shape of Water - Das Flüstern des Wassers (2017).mkv",muxing,,12.63
"ALL",prescan,ffprobe,0.05
"Shape of Water - Das Flüstern des Wassers (2017).mkv",subtitle,subrip,0.22
"Shape of Water - Das Flüstern des Wassers (2017).mkv",subtitle,hdmv_pgs_subtitle,25.24
"Shape of Water - Das Flüstern des Wassers (2017).mkv",subtitle,hdmv_pgs_subtitle,23.15
"Shape of Water - Das Flüstern des Wassers (2017).mkv",audio,,3.55
"Shape of Water - Das Flüstern des Wassers (2017).mkv",audio,,1.19
"Shape of Water - Das Flüstern des Wassers (2017).mkv",muxing,,12.84
"ALL",prescan,ffprobe,0.05
"Shape of Water - Das Flüstern des Wassers (2017).mkv",subtitle,subrip,0.23
"Shape of Water - Das Flüstern des Wassers (2017).mkv",subtitle,hdmv_pgs_subtitle,26.94
"Shape of Water - Das Flüstern des Wassers (2017).mkv",subtitle,hdmv_pgs_subtitle,24.37
"Shape of Water - Das Flüstern des Wassers (2017).mkv",audio,,3.47
"Shape of Water - Das Flüstern des Wassers (2017).mkv",audio,,1.15
"Shape of Water - Das Flüstern des Wassers (2017).mkv",muxing,,12.90
"ALL",prescan,ffprobe,0.05
"Shape of Water - Das Flüstern des Wassers (2017).mkv",subtitle,subrip,0.23
"Shape of Water - Das Flüstern des Wassers (2017).mkv",subtitle,hdmv_pgs_subtitle,26.13
"Shape of Water - Das Flüstern des Wassers (2017).mkv",subtitle,hdmv_pgs_subtitle,22.83
"Shape of Water - Das Flüstern des Wassers (2017).mkv",audio,,3.50
"Shape of Water - Das Flüstern des Wassers (2017).mkv",audio,,1.29
"Shape of Water - Das Flüstern des Wassers (2017).mkv",muxing,,12.79
"ALL",prescan,ffprobe,0.06
"Shape of Water - Das Flüstern des Wassers (2017).mkv",subtitle,subrip,0.24
"Shape of Water - Das Flüstern des Wassers (2017).mkv",subtitle,hdmv_pgs_subtitle,26.18
"Shape of Water - Das Flüstern des Wassers (2017).mkv",audio,,1.52
"Shape of Water - Das Flüstern des Wassers (2017).mkv",audio,,0.00
"Shape of Water - Das Flüstern des Wassers (2017).mkv",muxing,,0.00
"ALL",prescan,ffprobe,0.05
"Shape of Water - Das Flüstern des Wassers (2017).mkv",subtitle,subrip,0.22
"Shape of Water - Das Flüstern des Wassers (2017).mkv",audio,,1.24
"Shape of Water - Das Flüstern des Wassers (2017).mkv",audio,,0.00
"Shape of Water - Das Flüstern des Wassers (2017).mkv",muxing,,0.00
"ALL",prescan,ffprobe,0.70
"Die Schneegesellschaft.mp4",audio,,3.26
"ALL",prescan,ffprobe,0.08
"Ein Minecraft Film.mp4",audio,,1.75
"ALL",prescan,ffprobe,0.08
"Evil Dead Rise.mp4",audio,,1.76
"ALL",prescan,ffprobe,0.08
"Evil Dead Rise.mp4",audio,,2.82
"ALL",prescan,ffprobe,0.10
"Get Rich or Die Tryin' (2005).mp4",audio,,1.61
"ALL",prescan,ffprobe,0.09
"Inception 2010.mp4",audio,,1.84
"ALL",prescan,ffprobe,0.10
"Interstellar.mp4",audio,,1.85
"ALL",prescan,ffprobe,0.05
"Lord Of War.mkv",audio,,1.68
"ALL",prescan,ffprobe,0.07
"The Witcher (2019) - S01E01.mkv",subtitle,subrip,0.64
"The Witcher (2019) - S01E01.mkv",subtitle,subrip,0.01
"The Witcher (2019) - S01E01.mkv",subtitle,subrip,0.01
"The Witcher (2019) - S01E01.mkv",subtitle,subrip,0.02
"The Witcher (2019) - S01E01.mkv",subtitle,subrip,0.02
"The Witcher (2019) - S01E01.mkv",subtitle,subrip,0.01
"The Witcher (2019) - S01E01.mkv",subtitle,subrip,0.02
"The Witcher (2019) - S01E01.mkv",subtitle,subrip,0.01
"The Witcher (2019) - S01E01.mkv",subtitle,subrip,0.02
"The Witcher (2019) - S01E01.mkv",subtitle,subrip,0.01
"The Witcher (2019) - S01E01.mkv",subtitle,subrip,0.02
"The Witcher (2019) - S01E01.mkv",subtitle,subrip,0.01
"The Witcher (2019) - S01E01.mkv",subtitle,subrip,0.02
"The Witcher (2019) - S01E01.mkv",subtitle,subrip,0.01
"The Witcher (2019) - S01E01.mkv",audio,,1.83
"The Witcher (2019) - S01E01.mkv",audio,,1.11
"The Witcher (2019) - S01E01.mkv",audio,,1.15
"The Witcher (2019) - S01E01.mkv",audio,,1.15
"The Witcher (2019) - S01E01.mkv",audio,,1.11
"The Witcher (2019) - S01E01.mkv",audio,,0.90
"The Witcher (2019) - S01E01.mkv",audio,,1.09
"The Witcher (2019) - S01E01.mkv",audio,,1.20
"The Witcher (2019) - S01E01.mkv",audio,,0.98
"The Witcher (2019) - S01E01.mkv",muxing,,20.77
"ALL",prescan,ffprobe,0.11
"Now You See Me (2013).mp4",audio,,2.34
"ALL",prescan,ffprobe,0.09
"Die Schneegesellschaft.mp4",audio,,1.91
"ALL",prescan,ffprobe,0.72
"Shape of Water - Das Flüstern des Wassers (2017).mkv",subtitle,subrip,0.62
"Shape of Water - Das Flüstern des Wassers (2017).mkv",subtitle,hdmv_pgs_subtitle,25.20
"Shape of Water - Das Flüstern des Wassers (2017).mkv",subtitle,hdmv_pgs_subtitle,20.70
"ALL",prescan,ffprobe,0.05
"Shape of Water - Das Flüstern des Wassers (2017).mkv",subtitle,subrip,0.21
"Shape of Water - Das Flüstern des Wassers (2017).mkv",subtitle,hdmv_pgs_subtitle,23.62
"Shape of Water - Das Flüstern des Wassers (2017).mkv",subtitle,hdmv_pgs_subtitle,19.89
"ALL",prescan,ffprobe,0.06
"Shape of Water - Das Flüstern des Wassers (2017).mkv",subtitle,subrip,0.20
"Shape of Water - Das Flüstern des Wassers (2017).mkv",subtitle,hdmv_pgs_subtitle,22.72
"Shape of Water - Das Flüstern des Wassers (2017).mkv",subtitle,hdmv_pgs_subtitle,20.09
"ALL",prescan,ffprobe,0.06
"Shape of Water - Das Flüstern des Wassers (2017).mkv",subtitle,subrip,0.22
"Shape of Water - Das Flüstern des Wassers (2017).mkv",subtitle,hdmv_pgs_subtitle,27.83
"Shape of Water - Das Flüstern des Wassers (2017).mkv",subtitle,hdmv_pgs_subtitle,20.17
"ALL",prescan,ffprobe,0.05
"Shape of Water - Das Flüstern des Wassers (2017).mkv",subtitle,subrip,0.23
"Shape of Water - Das Flüstern des Wassers (2017).mkv",subtitle,hdmv_pgs_subtitle,26.14
"Shape of Water - Das Flüstern des Wassers (2017).mkv",subtitle,hdmv_pgs_subtitle,20.69
"ALL",prescan,ffprobe,0.06
"Shape of Water - Das Flüstern des Wassers (2017).mkv",subtitle,subrip,0.21
"Shape of Water - Das Flüstern des Wassers (2017).mkv",subtitle,hdmv_pgs_subtitle,22.75
"Shape of Water - Das Flüstern des Wassers (2017).mkv",subtitle,hdmv_pgs_subtitle,20.19
"ALL",prescan,ffprobe,0.06
"Shape of Water - Das Flüstern des Wassers (2017).mkv",subtitle,subrip,0.20
"Shape of Water - Das Flüstern des Wassers (2017).mkv",subtitle,hdmv_pgs_subtitle,26.54
"Shape of Water - Das Flüstern des Wassers (2017).mkv",subtitle,hdmv_pgs_subtitle,23.13
"ALL",prescan,ffprobe,1.69
"ALL",prescan,ffprobe,0.04
"ALL",prescan,ffprobe,0.05
"ALL",prescan,ffprobe,0.05
"ALL",prescan,ffprobe,0.05
"ALL",prescan,ffprobe,0.05
"ALL",prescan,ffprobe,0.06
"ALL",prescan,ffprobe,0.63
"ALL",prescan,ffprobe,0.08
"ALL",prescan,ffprobe,0.18
"ALL",prescan,ffprobe,0.07
"Ali G Indahouse.mp4",audio,,4.98
"ALL",prescan,ffprobe,0.07
"Ananas Express (2008).mkv",subtitle,hdmv_pgs_subtitle,23.76
"Ananas Express (2008).mkv",subtitle,hdmv_pgs_subtitle,20.06
"Ananas Express (2008).mkv",audio,,3.75
"Ananas Express (2008).mkv",audio,,3.55
"ALL",prescan,ffprobe,0.64
"Shape of Water - Das Flüstern des Wassers (2017).mkv",subtitle,subrip,0.60
"Shape of Water - Das Flüstern des Wassers (2017).mkv",subtitle,hdmv_pgs_subtitle,24.90
"Shape of Water - Das Flüstern des Wassers (2017).mkv",subtitle,hdmv_pgs_subtitle,21.11
"Shape of Water - Das Flüstern des Wassers (2017).mkv",audio,,10.63
"Shape of Water - Das Flüstern des Wassers (2017).mkv",audio,,4.67
"Shape of Water - Das Flüstern des Wassers (2017).mkv",muxing,,11.32
"ALL",prescan,ffprobe,0.06
"Sausage Party - Es geht um die Wurst (2016).mkv",subtitle,hdmv_pgs_subtitle,25.68
"Sausage Party - Es geht um die Wurst (2016).mkv",subtitle,hdmv_pgs_subtitle,21.32
"Sausage Party - Es geht um die Wurst (2016).mkv",subtitle,hdmv_pgs_subtitle,13.21
"Sausage Party - Es geht um die Wurst (2016).mkv",subtitle,hdmv_pgs_subtitle,23.20
"Sausage Party - Es geht um die Wurst (2016).mkv",subtitle,hdmv_pgs_subtitle,22.41
"Sausage Party - Es geht um die Wurst (2016).mkv",subtitle,hdmv_pgs_subtitle,23.55
"Sausage Party - Es geht um die Wurst (2016).mkv",subtitle,hdmv_pgs_subtitle,25.67
"Sausage Party - Es geht um die Wurst (2016).mkv",subtitle,hdmv_pgs_subtitle,14.86
"Sausage Party - Es geht um die Wurst (2016).mkv",subtitle,hdmv_pgs_subtitle,15.55
"Sausage Party - Es geht um die Wurst (2016).mkv",subtitle,hdmv_pgs_subtitle,27.45
"Sausage Party - Es geht um die Wurst (2016).mkv",subtitle,hdmv_pgs_subtitle,28.23
"Sausage Party - Es geht um die Wurst (2016).mkv",subtitle,hdmv_pgs_subtitle,17.60
"Sausage Party - Es geht um die Wurst (2016).mkv",subtitle,hdmv_pgs_subtitle,21.99
"Sausage Party - Es geht um die Wurst (2016).mkv",subtitle,hdmv_pgs_subtitle,21.65
"Sausage Party - Es geht um die Wurst (2016).mkv",subtitle,hdmv_pgs_subtitle,13.39
"Sausage Party - Es geht um die Wurst (2016).mkv",subtitle,hdmv_pgs_subtitle,21.97
"Sausage Party - Es geht um die Wurst (2016).mkv",subtitle,hdmv_pgs_subtitle,22.33
"Sausage Party - Es geht um die Wurst (2016).mkv",subtitle,hdmv_pgs_subtitle,23.05
"Sausage Party - Es geht um die Wurst (2016).mkv",subtitle,hdmv_pgs_subtitle,23.21
"Sausage Party - Es geht um die Wurst (2016).mkv",subtitle,hdmv_pgs_subtitle,15.57
"Sausage Party - Es geht um die Wurst (2016).mkv",audio,,7.38
"Sausage Party - Es geht um die Wurst (2016).mkv",audio,,3.22
"ALL",prescan,ffprobe,0.05
"Sausage Party - Es geht um die Wurst (2016).mkv",subtitle,hdmv_pgs_subtitle,25.62
"Sausage Party - Es geht um die Wurst (2016).mkv",subtitle,hdmv_pgs_subtitle,22.79
"Sausage Party - Es geht um die Wurst (2016).mkv",subtitle,hdmv_pgs_subtitle,13.48
"Sausage Party - Es geht um die Wurst (2016).mkv",subtitle,hdmv_pgs_subtitle,23.39
"Sausage Party - Es geht um die Wurst (2016).mkv",subtitle,hdmv_pgs_subtitle,21.92
"Sausage Party - Es geht um die Wurst (2016).mkv",subtitle,hdmv_pgs_subtitle,21.24
"Sausage Party - Es geht um die Wurst (2016).mkv",subtitle,hdmv_pgs_subtitle,21.98
"Sausage Party - Es geht um die Wurst (2016).mkv",subtitle,hdmv_pgs_subtitle,13.84
"Sausage Party - Es geht um die Wurst (2016).mkv",subtitle,hdmv_pgs_subtitle,13.17
"Sausage Party - Es geht um die Wurst (2016).mkv",subtitle,hdmv_pgs_subtitle,22.83
"Sausage Party - Es geht um die Wurst (2016).mkv",subtitle,hdmv_pgs_subtitle,22.91
"Sausage Party - Es geht um die Wurst (2016).mkv",subtitle,hdmv_pgs_subtitle,14.95
"Sausage Party - Es geht um die Wurst (2016).mkv",subtitle,hdmv_pgs_subtitle,23.04
"Sausage Party - Es geht um die Wurst (2016).mkv",subtitle,hdmv_pgs_subtitle,22.22
"Sausage Party - Es geht um die Wurst (2016).mkv",subtitle,hdmv_pgs_subtitle,12.98
"Sausage Party - Es geht um die Wurst (2016).mkv",subtitle,hdmv_pgs_subtitle,23.94
"Sausage Party - Es geht um die Wurst (2016).mkv",subtitle,hdmv_pgs_subtitle,23.54
"Sausage Party - Es geht um die Wurst (2016).mkv",subtitle,hdmv_pgs_subtitle,21.90
"Sausage Party - Es geht um die Wurst (2016).mkv",subtitle,hdmv_pgs_subtitle,22.37
"Sausage Party - Es geht um die Wurst (2016).mkv",subtitle,hdmv_pgs_subtitle,14.94
"Sausage Party - Es geht um die Wurst (2016).mkv",audio,,7.62
"Sausage Party - Es geht um die Wurst (2016).mkv",audio,,3.35
"ALL",prescan,ffprobe,1.04
"Ananas Express (2008).mkv",subtitle,hdmv_pgs_subtitle,30.36
"Ananas Express (2008).mkv",subtitle,hdmv_pgs_subtitle,29.32
"Ananas Express (2008).mkv",audio,,8.42
"Ananas Express (2008).mkv",audio,,3.87
"Black Swan (2010).mkv",audio,,3.77
"Black Swan (2010).mkv",audio,,3.98
"Blood Diamond 2006.mp4",audio,,3.72
"Blow 2001.mp4",audio,,4.33
"Catch Me If You Can.mp4",audio,,3.11
"Das ist das Ende.mkv",audio,,5.39
"Der Schatzplanet.mp4",audio,,3.52
"ALL",prescan,ffprobe,2.58
"Die Highligen Drei Könige (2015).mkv",audio,,6.30
"Die Highligen Drei Könige (2015).mkv",audio,,3.47
"Ein Minecraft Film.mp4",audio,,2.98
"Evil Dead Rise.mp4",audio,,3.89
"Get Rich or Die Tryin' (2005).mp4",audio,,2.97
"Inception 2010.mp4",audio,,3.07
"Interstellar.mp4",audio,,2.98
"Lord Of War.mkv",audio,,2.98
"Perfume The Story Of A Murderer (2006).mkv",subtitle,hdmv_pgs_subtitle,27.62
"Perfume The Story Of A Murderer (2006).mkv",subtitle,hdmv_pgs_subtitle,23.59
"Perfume The Story Of A Murderer (2006).mkv",subtitle,hdmv_pgs_subtitle,23.39
"Perfume The Story Of A Murderer (2006).mkv",subtitle,hdmv_pgs_subtitle,26.01
"Perfume The Story Of A Murderer (2006).mkv",subtitle,hdmv_pgs_subtitle,26.63
"Perfume The Story Of A Murderer (2006).mkv",subtitle,hdmv_pgs_subtitle,18.87
"Perfume The Story Of A Murderer (2006).mkv",subtitle,hdmv_pgs_subtitle,17.07
"Perfume The Story Of A Murderer (2006).mkv",audio,,3.94
"Perfume The Story Of A Murderer (2006).mkv",audio,,4.00
"Prestige - Meister der Magie (2006).mkv",subtitle,subrip,0.02
"Prestige - Meister der Magie (2006).mkv",subtitle,subrip,0.02
"Prestige - Meister der Magie (2006).mkv",subtitle,hdmv_pgs_subtitle,29.34
"Prestige - Meister der Magie (2006).mkv",subtitle,hdmv_pgs_subtitle,21.78
"Prestige - Meister der Magie (2006).mkv",subtitle,hdmv_pgs_subtitle,22.07
"Prestige - Meister der Magie (2006).mkv",subtitle,hdmv_pgs_subtitle,28.06
"Prestige - Meister der Magie (2006).mkv",subtitle,hdmv_pgs_subtitle,21.34
"Prestige - Meister der Magie (2006).mkv",subtitle,hdmv_pgs_subtitle,27.44
"Prestige - Meister der Magie (2006).mkv",subtitle,hdmv_pgs_subtitle,26.16
"Prestige - Meister der Magie (2006).mkv",subtitle,hdmv_pgs_subtitle,26.07
"Prestige - Meister der Magie (2006).mkv",subtitle,hdmv_pgs_subtitle,18.79
"Prestige - Meister der Magie (2006).mkv",subtitle,hdmv_pgs_subtitle,19.29
"Prestige - Meister der Magie (2006).mkv",subtitle,hdmv_pgs_subtitle,19.57
"Prestige - Meister der Magie (2006).mkv",subtitle,hdmv_pgs_subtitle,26.13
"Prestige - Meister der Magie (2006).mkv",subtitle,hdmv_pgs_subtitle,26.54
"Prestige - Meister der Magie (2006).mkv",subtitle,hdmv_pgs_subtitle,17.56
"Prestige - Meister der Magie (2006).mkv",subtitle,hdmv_pgs_subtitle,26.24
"Prestige - Meister der Magie (2006).mkv",subtitle,hdmv_pgs_subtitle,26.43
"Prestige - Meister der Magie (2006).mkv",subtitle,hdmv_pgs_subtitle,19.24
"Prestige - Meister der Magie (2006).mkv",subtitle,hdmv_pgs_subtitle,19.49
"Prestige - Meister der Magie (2006).mkv",subtitle,hdmv_pgs_subtitle,25.83
"Prestige - Meister der Magie (2006).mkv",subtitle,hdmv_pgs_subtitle,20.25
"Prestige - Meister der Magie (2006).mkv",subtitle,hdmv_pgs_subtitle,19.15
"Prestige - Meister der Magie (2006).mkv",subtitle,hdmv_pgs_subtitle,26.68
"Prestige - Meister der Magie (2006).mkv",subtitle,hdmv_pgs_subtitle,19.25
"Prestige - Meister der Magie (2006).mkv",subtitle,hdmv_pgs_subtitle,26.11
"Prestige - Meister der Magie (2006).mkv",subtitle,hdmv_pgs_subtitle,26.60
"Prestige - Meister der Magie (2006).mkv",subtitle,hdmv_pgs_subtitle,26.56
"Prestige - Meister der Magie (2006).mkv",subtitle,hdmv_pgs_subtitle,17.02
"Prestige - Meister der Magie (2006).mkv",subtitle,hdmv_pgs_subtitle,20.44
"Prestige - Meister der Magie (2006).mkv",audio,,3.27
"Prestige - Meister der Magie (2006).mkv",audio,,3.29
"Prestige - Meister der Magie (2006).mkv",muxing,,28.87
"Red One.mp4",audio,,3.17
"Schindlers Liste (1993).mkv",subtitle,hdmv_pgs_subtitle,28.89
"Schindlers Liste (1993).mkv",subtitle,hdmv_pgs_subtitle,27.94
"Schindlers Liste (1993).mkv",subtitle,hdmv_pgs_subtitle,15.99
"Schindlers Liste (1993).mkv",subtitle,hdmv_pgs_subtitle,29.32
"Schindlers Liste (1993).mkv",subtitle,hdmv_pgs_subtitle,15.76
"Schindlers Liste (1993).mkv",audio,,4.57
"Schindlers Liste (1993).mkv",audio,,3.20
"Shutter Island.mp4",audio,,3.31
"Superfast.mp4",audio,,3.09
"Superfast.mp4",audio,,3.20
"The Beach 2000.mp4",audio,,3.14
"The Dark Knight (2008).mkv",subtitle,subrip,0.02
"The Dark Knight (2008).mkv",subtitle,hdmv_pgs_subtitle,30.29
"The Dark Knight (2008).mkv",subtitle,hdmv_pgs_subtitle,29.41
"The Dark Knight (2008).mkv",subtitle,hdmv_pgs_subtitle,29.54
"The Dark Knight (2008).mkv",subtitle,hdmv_pgs_subtitle,22.70
"The Dark Knight (2008).mkv",subtitle,hdmv_pgs_subtitle,29.99
"The Dark Knight (2008).mkv",subtitle,hdmv_pgs_subtitle,29.45
"The Dark Knight (2008).mkv",subtitle,hdmv_pgs_subtitle,28.96
"The Dark Knight (2008).mkv",subtitle,hdmv_pgs_subtitle,29.10
"The Dark Knight (2008).mkv",subtitle,hdmv_pgs_subtitle,20.26
"The Dark Knight (2008).mkv",subtitle,hdmv_pgs_subtitle,20.90
"The Dark Knight (2008).mkv",subtitle,hdmv_pgs_subtitle,29.15
"The Dark Knight (2008).mkv",subtitle,hdmv_pgs_subtitle,20.21
"The Dark Knight (2008).mkv",subtitle,hdmv_pgs_subtitle,29.17
"The Dark Knight (2008).mkv",subtitle,hdmv_pgs_subtitle,29.90
"The Dark Knight (2008).mkv",subtitle,hdmv_pgs_subtitle,23.34
"The Dark Knight (2008).mkv",subtitle,hdmv_pgs_subtitle,30.53
"The Dark Knight (2008).mkv",subtitle,hdmv_pgs_subtitle,30.24
"The Dark Knight (2008).mkv",subtitle,hdmv_pgs_subtitle,23.30
"The Dark Knight (2008).mkv",subtitle,hdmv_pgs_subtitle,30.40
"The Dark Knight (2008).mkv",subtitle,hdmv_pgs_subtitle,31.49
"The Dark Knight (2008).mkv",subtitle,hdmv_pgs_subtitle,23.40
"The Dark Knight (2008).mkv",subtitle,hdmv_pgs_subtitle,23.15
"The Dark Knight (2008).mkv",audio,,3.23
"The Dark Knight (2008).mkv",audio,,3.32
"The Dark Knight (2008).mkv",muxing,,30.33
"The Dark Knight Rises (2012).mkv",subtitle,subrip,0.02
"The Dark Knight Rises (2012).mkv",subtitle,hdmv_pgs_subtitle,33.33
"The Dark Knight Rises (2012).mkv",subtitle,hdmv_pgs_subtitle,30.28
"The Dark Knight Rises (2012).mkv",subtitle,hdmv_pgs_subtitle,30.94
"The Dark Knight Rises (2012).mkv",subtitle,hdmv_pgs_subtitle,31.88
"The Dark Knight Rises (2012).mkv",subtitle,hdmv_pgs_subtitle,30.80
"The Dark Knight Rises (2012).mkv",subtitle,hdmv_pgs_subtitle,31.20
"The Dark Knight Rises (2012).mkv",subtitle,hdmv_pgs_subtitle,30.97
"The Dark Knight Rises (2012).mkv",subtitle,hdmv_pgs_subtitle,30.66
"The Dark Knight Rises (2012).mkv",subtitle,hdmv_pgs_subtitle,31.54
"The Dark Knight Rises (2012).mkv",subtitle,hdmv_pgs_subtitle,26.00
"The Dark Knight Rises (2012).mkv",subtitle,hdmv_pgs_subtitle,23.77
"The Dark Knight Rises (2012).mkv",subtitle,hdmv_pgs_subtitle,30.16
"The Dark Knight Rises (2012).mkv",subtitle,hdmv_pgs_subtitle,21.89
"The Dark Knight Rises (2012).mkv",subtitle,hdmv_pgs_subtitle,24.33
"The Dark Knight Rises (2012).mkv",subtitle,hdmv_pgs_subtitle,23.62
"The Dark Knight Rises (2012).mkv",subtitle,hdmv_pgs_subtitle,30.57
"The Dark Knight Rises (2012).mkv",subtitle,hdmv_pgs_subtitle,24.36
"The Dark Knight Rises (2012).mkv",subtitle,hdmv_pgs_subtitle,24.20
"The Dark Knight Rises (2012).mkv",subtitle,hdmv_pgs_subtitle,32.08
"The Dark Knight Rises (2012).mkv",subtitle,hdmv_pgs_subtitle,31.89
"The Dark Knight Rises (2012).mkv",subtitle,hdmv_pgs_subtitle,24.07
"The Dark Knight Rises (2012).mkv",subtitle,hdmv_pgs_subtitle,23.56
"The Dark Knight Rises (2012).mkv",subtitle,hdmv_pgs_subtitle,24.23
"The Dark Knight Rises (2012).mkv",subtitle,hdmv_pgs_subtitle,24.72
"The Dark Knight Rises (2012).mkv",subtitle,hdmv_pgs_subtitle,22.29
"The Dark Knight Rises (2012).mkv",subtitle,hdmv_pgs_subtitle,31.32
"The Dark Knight Rises (2012).mkv",subtitle,hdmv_pgs_subtitle,24.36
"The Dark Knight Rises (2012).mkv",subtitle,hdmv_pgs_subtitle,31.74
"The Dark Knight Rises (2012).mkv",subtitle,hdmv_pgs_subtitle,22.55
"The Dark Knight Rises (2012).mkv",audio,,3.26
"The Dark Knight Rises (2012).mkv",audio,,3.37
"The Dark Knight Rises (2012).mkv",muxing,,38.74
"The Favourite - Intrigen und Irrsinn (2018).mkv",subtitle,subrip,0.02
"The Favourite - Intrigen und Irrsinn (2018).mkv",subtitle,hdmv_pgs_subtitle,27.41
"The Favourite - Intrigen und Irrsinn (2018).mkv",subtitle,hdmv_pgs_subtitle,26.17
"The Favourite - Intrigen und Irrsinn (2018).mkv",audio,,3.10
"The Favourite - Intrigen und Irrsinn (2018).mkv",audio,,3.21
"The Favourite - Intrigen und Irrsinn (2018).mkv",muxing,,11.65
"The Great Gatsby (2013).mp4",audio,,3.15
"The Revenant (2015).mkv",subtitle,hdmv_pgs_subtitle,27.93
"The Revenant (2015).mkv",subtitle,hdmv_pgs_subtitle,24.83
"The Revenant (2015).mkv",subtitle,hdmv_pgs_subtitle,25.34
"The Revenant (2015).mkv",subtitle,hdmv_pgs_subtitle,24.79
"The Revenant (2015).mkv",subtitle,hdmv_pgs_subtitle,26.22
"The Revenant (2015).mkv",subtitle,hdmv_pgs_subtitle,26.07
"The Revenant (2015).mkv",subtitle,hdmv_pgs_subtitle,25.44
"The Revenant (2015).mkv",subtitle,hdmv_pgs_subtitle,25.64
"The Revenant (2015).mkv",subtitle,hdmv_pgs_subtitle,25.69
"The Revenant (2015).mkv",subtitle,hdmv_pgs_subtitle,25.20
"The Revenant (2015).mkv",subtitle,hdmv_pgs_subtitle,25.49
"The Revenant (2015).mkv",audio,,4.99
"The Revenant (2015).mkv",audio,,4.37
"The Wolf Of Wall Street.mp4",audio,,3.13
"The Worlds End (2013).mkv",subtitle,hdmv_pgs_subtitle,29.27
"The Worlds End (2013).mkv",subtitle,hdmv_pgs_subtitle,23.53
"The Worlds End (2013).mkv",subtitle,hdmv_pgs_subtitle,24.02
"The Worlds End (2013).mkv",subtitle,hdmv_pgs_subtitle,23.75
"The Worlds End (2013).mkv",subtitle,hdmv_pgs_subtitle,24.26
"The Worlds End (2013).mkv",subtitle,hdmv_pgs_subtitle,25.17
"The Worlds End (2013).mkv",subtitle,hdmv_pgs_subtitle,24.94
"The Worlds End (2013).mkv",subtitle,hdmv_pgs_subtitle,24.88
"The Worlds End (2013).mkv",subtitle,hdmv_pgs_subtitle,24.24
"The Worlds End (2013).mkv",subtitle,hdmv_pgs_subtitle,14.56
"The Worlds End (2013).mkv",subtitle,hdmv_pgs_subtitle,25.06
"The Worlds End (2013).mkv",subtitle,hdmv_pgs_subtitle,18.31
"The Worlds End (2013).mkv",subtitle,hdmv_pgs_subtitle,15.19
"The Worlds End (2013).mkv",subtitle,hdmv_pgs_subtitle,24.79
"The Worlds End (2013).mkv",subtitle,hdmv_pgs_subtitle,17.47
"The Worlds End (2013).mkv",subtitle,hdmv_pgs_subtitle,24.85
"The Worlds End (2013).mkv",subtitle,hdmv_pgs_subtitle,25.54
"The Worlds End (2013).mkv",subtitle,hdmv_pgs_subtitle,14.91
"The Worlds End (2013).mkv",subtitle,hdmv_pgs_subtitle,25.08
"The Worlds End (2013).mkv",subtitle,hdmv_pgs_subtitle,24.97
"The Worlds End (2013).mkv",audio,,4.11
"The Worlds End (2013).mkv",audio,,3.77
"What You Wish For (2023).mkv",subtitle,subrip,0.02
"What You Wish For (2023).mkv",subtitle,subrip,0.03
"What You Wish For (2023).mkv",audio,,3.13
"What You Wish For (2023).mkv",audio,,3.20
"What You Wish For (2023).mkv",muxing,,5.21
"Avatar Fire and Ash (2025) (Deutsch).mp4",audio,,3.14
"Der Pate (1972) (Deutsch).mp4",audio,,4.16
"Karate Kid (1984) (Deutsch).mp4",audio,,3.90
"Karate Kid 2 - Entscheidung in Okinawa (1986) (Deutsch).mp4",audio,,3.54
"Karate Kid 3 - Die letzte Entscheidung (1989) (Deutsch).mp4",audio,,3.56
"Karate Kid 4 - Die nächste Generation (2010) (Deutsch).mp4",audio,,3.51
"Mulan (1998) (Deutsch).mp4",audio,,5.26
"Mulan (2020) (Deutsch).mp4",audio,,5.99
"Mulan 2 (2004) (Deutsch).mp4",audio,,3.13
"Dune Part Two Deutsch.mp4",audio,,5.87
"Dune Part Two Englisch.mkv",subtitle,subrip,0.01
"Dune Part Two Englisch.mkv",subtitle,subrip,0.02
"Dune Part Two Englisch.mkv",subtitle,subrip,0.02
"Dune Part Two Englisch.mkv",subtitle,subrip,0.02
"Dune Part Two Englisch.mkv",subtitle,subrip,0.01
"Dune Part Two Englisch.mkv",subtitle,subrip,0.02
"Dune Part Two Englisch.mkv",subtitle,subrip,0.02
"Dune Part Two Englisch.mkv",subtitle,subrip,0.02
"Dune Part Two Englisch.mkv",subtitle,subrip,0.01
"Dune Part Two Englisch.mkv",subtitle,subrip,0.02
"Dune Part Two Englisch.mkv",audio,,3.28
"Dune Part Two Englisch.mkv",muxing,,16.15
"Dune Part Two_final.mp4",audio,,5.91
"ALL",prescan,ffprobe,0.30
"The Revenant (2015).mkv",subtitle,hdmv_pgs_subtitle,24.88
"The Revenant (2015).mkv",subtitle,hdmv_pgs_subtitle,22.25
"The Revenant (2015).mkv",subtitle,hdmv_pgs_subtitle,21.86
"The Revenant (2015).mkv",subtitle,hdmv_pgs_subtitle,21.47
"The Revenant (2015).mkv",subtitle,hdmv_pgs_subtitle,22.72
"The Revenant (2015).mkv",subtitle,hdmv_pgs_subtitle,22.35
"The Revenant (2015).mkv",subtitle,hdmv_pgs_subtitle,22.10
"The Revenant (2015).mkv",subtitle,hdmv_pgs_subtitle,22.65
"The Revenant (2015).mkv",subtitle,hdmv_pgs_subtitle,22.11
"The Revenant (2015).mkv",subtitle,hdmv_pgs_subtitle,21.85
"The Revenant (2015).mkv",subtitle,hdmv_pgs_subtitle,22.27
"The Revenant (2015).mkv",audio,,8.31
"The Revenant (2015).mkv",audio,,4.23
"ALL",prescan,ffprobe,0.51
"Die Highligen Drei Könige (2015).mkv",audio,,5.40
"Die Highligen Drei Könige (2015).mkv",audio,,3.23
"Ein Minecraft Film.mp4",audio,,2.82
"Evil Dead Rise.mp4",audio,,3.66
"Get Rich or Die Tryin' (2005).mp4",audio,,2.86
"Inception 2010.mp4",audio,,3.15
"Interstellar.mp4",audio,,3.01
"Lord Of War.mkv",audio,,2.89
"ALL",prescan,ffprobe,0.16
"Perfume The Story Of A Murderer (2006).mkv",subtitle,hdmv_pgs_subtitle,23.73
"Perfume The Story Of A Murderer (2006).mkv",subtitle,hdmv_pgs_subtitle,18.70
"Perfume The Story Of A Murderer (2006).mkv",subtitle,hdmv_pgs_subtitle,18.94
"Perfume The Story Of A Murderer (2006).mkv",subtitle,hdmv_pgs_subtitle,21.38
"Perfume The Story Of A Murderer (2006).mkv",subtitle,hdmv_pgs_subtitle,22.13
"Perfume The Story Of A Murderer (2006).mkv",subtitle,hdmv_pgs_subtitle,14.78
"Perfume The Story Of A Murderer (2006).mkv",subtitle,hdmv_pgs_subtitle,12.96
"Perfume The Story Of A Murderer (2006).mkv",audio,,5.72
"Perfume The Story Of A Murderer (2006).mkv",audio,,3.86
"Prestige - Meister der Magie (2006).mkv",subtitle,subrip,0.02
"Prestige - Meister der Magie (2006).mkv",subtitle,subrip,0.02
"Prestige - Meister der Magie (2006).mkv",subtitle,hdmv_pgs_subtitle,21.38
"Prestige - Meister der Magie (2006).mkv",subtitle,hdmv_pgs_subtitle,20.82
"Prestige - Meister der Magie (2006).mkv",subtitle,hdmv_pgs_subtitle,21.26
"Prestige - Meister der Magie (2006).mkv",subtitle,hdmv_pgs_subtitle,21.80
"Prestige - Meister der Magie (2006).mkv",subtitle,hdmv_pgs_subtitle,21.79
"Prestige - Meister der Magie (2006).mkv",subtitle,hdmv_pgs_subtitle,21.87
"Prestige - Meister der Magie (2006).mkv",subtitle,hdmv_pgs_subtitle,22.77
"Prestige - Meister der Magie (2006).mkv",audio,,0.01
"Prestige - Meister der Magie (2006).mkv",audio,,0.01
"Prestige - Meister der Magie (2006).mkv",muxing,,0.00
"ALL",prescan,ffprobe,0.15
"Perfume The Story Of A Murderer (2006).mkv",subtitle,hdmv_pgs_subtitle,25.64
"Perfume The Story Of A Murderer (2006).mkv",subtitle,hdmv_pgs_subtitle,19.25
"Perfume The Story Of A Murderer (2006).mkv",subtitle,hdmv_pgs_subtitle,19.45
"Perfume The Story Of A Murderer (2006).mkv",subtitle,hdmv_pgs_subtitle,22.02
"Perfume The Story Of A Murderer (2006).mkv",subtitle,hdmv_pgs_subtitle,22.50
"Perfume The Story Of A Murderer (2006).mkv",subtitle,hdmv_pgs_subtitle,15.04
"Perfume The Story Of A Murderer (2006).mkv",subtitle,hdmv_pgs_subtitle,13.07
"Perfume The Story Of A Murderer (2006).mkv",audio,,5.51
"Perfume The Story Of A Murderer (2006).mkv",audio,,3.85
"Prestige - Meister der Magie (2006).mkv",subtitle,subrip,0.02
"Prestige - Meister der Magie (2006).mkv",subtitle,subrip,0.02
"Prestige - Meister der Magie (2006).mkv",subtitle,hdmv_pgs_subtitle,23.41
"Prestige - Meister der Magie (2006).mkv",subtitle,hdmv_pgs_subtitle,17.99
"Prestige - Meister der Magie (2006).mkv",subtitle,hdmv_pgs_subtitle,17.85
"Prestige - Meister der Magie (2006).mkv",subtitle,hdmv_pgs_subtitle,23.86
"Prestige - Meister der Magie (2006).mkv",subtitle,hdmv_pgs_subtitle,17.62
"Prestige - Meister der Magie (2006).mkv",subtitle,hdmv_pgs_subtitle,24.22
"Prestige - Meister der Magie (2006).mkv",subtitle,hdmv_pgs_subtitle,23.71
"Prestige - Meister der Magie (2006).mkv",subtitle,hdmv_pgs_subtitle,23.64
"Prestige - Meister der Magie (2006).mkv",subtitle,hdmv_pgs_subtitle,17.70
"Prestige - Meister der Magie (2006).mkv",subtitle,hdmv_pgs_subtitle,17.71
"Prestige - Meister der Magie (2006).mkv",subtitle,hdmv_pgs_subtitle,20.36
"Prestige - Meister der Magie (2006).mkv",subtitle,hdmv_pgs_subtitle,24.01
"Prestige - Meister der Magie (2006).mkv",subtitle,hdmv_pgs_subtitle,23.86
"Prestige - Meister der Magie (2006).mkv",subtitle,hdmv_pgs_subtitle,16.29
"Prestige - Meister der Magie (2006).mkv",subtitle,hdmv_pgs_subtitle,23.83
"Prestige - Meister der Magie (2006).mkv",subtitle,hdmv_pgs_subtitle,23.80
"Prestige - Meister der Magie (2006).mkv",subtitle,hdmv_pgs_subtitle,17.74
"Prestige - Meister der Magie (2006).mkv",subtitle,hdmv_pgs_subtitle,17.79
"Prestige - Meister der Magie (2006).mkv",subtitle,hdmv_pgs_subtitle,23.60
"Prestige - Meister der Magie (2006).mkv",subtitle,hdmv_pgs_subtitle,17.51
"Prestige - Meister der Magie (2006).mkv",subtitle,hdmv_pgs_subtitle,16.99
"Prestige - Meister der Magie (2006).mkv",subtitle,hdmv_pgs_subtitle,23.96
"Prestige - Meister der Magie (2006).mkv",subtitle,hdmv_pgs_subtitle,17.66
"Prestige - Meister der Magie (2006).mkv",subtitle,hdmv_pgs_subtitle,23.76
"Prestige - Meister der Magie (2006).mkv",subtitle,hdmv_pgs_subtitle,24.44
"Prestige - Meister der Magie (2006).mkv",subtitle,hdmv_pgs_subtitle,24.06
"Prestige - Meister der Magie (2006).mkv",subtitle,hdmv_pgs_subtitle,15.42
"Prestige - Meister der Magie (2006).mkv",subtitle,hdmv_pgs_subtitle,18.63
"Prestige - Meister der Magie (2006).mkv",audio,,3.11
"Prestige - Meister der Magie (2006).mkv",audio,,3.20
"Prestige - Meister der Magie (2006).mkv",muxing,,27.10
"Schindlers Liste (1993).mkv",subtitle,hdmv_pgs_subtitle,26.44
"Schindlers Liste (1993).mkv",subtitle,hdmv_pgs_subtitle,22.56
"Schindlers Liste (1993).mkv",subtitle,hdmv_pgs_subtitle,11.84
"Schindlers Liste (1993).mkv",subtitle,hdmv_pgs_subtitle,22.76
"Schindlers Liste (1993).mkv",subtitle,hdmv_pgs_subtitle,11.70
"Schindlers Liste (1993).mkv",audio,,4.33
"Schindlers Liste (1993).mkv",audio,,3.15
"ALL",prescan,ffprobe,0.66
"The Witcher (2019) - S01E01.mkv",subtitle,subrip,0.68
"The Witcher (2019) - S01E01.mkv",subtitle,subrip,0.02
"The Witcher (2019) - S01E01.mkv",subtitle,subrip,0.01
"The Witcher (2019) - S01E01.mkv",subtitle,subrip,0.02
"The Witcher (2019) - S01E01.mkv",subtitle,subrip,0.02
"The Witcher (2019) - S01E01.mkv",subtitle,subrip,0.01
"The Witcher (2019) - S01E01.mkv",subtitle,subrip,0.02
"The Witcher (2019) - S01E01.mkv",subtitle,subrip,0.02
"The Witcher (2019) - S01E01.mkv",subtitle,subrip,0.02
"The Witcher (2019) - S01E01.mkv",subtitle,subrip,0.01
"The Witcher (2019) - S01E01.mkv",subtitle,subrip,0.02
"The Witcher (2019) - S01E01.mkv",subtitle,subrip,0.01
"The Witcher (2019) - S01E01.mkv",subtitle,subrip,0.02
"The Witcher (2019) - S01E01.mkv",subtitle,subrip,0.01
"The Witcher (2019) - S01E01.mkv",audio,,7.91
"The Witcher (2019) - S01E01.mkv",audio,,4.40
"The Witcher (2019) - S01E01.mkv",audio,,3.55
"The Witcher (2019) - S01E01.mkv",audio,,3.50
"The Witcher (2019) - S01E01.mkv",audio,,3.49
"The Witcher (2019) - S01E01.mkv",audio,,3.32
"The Witcher (2019) - S01E01.mkv",audio,,3.54
"The Witcher (2019) - S01E01.mkv",audio,,3.59
"The Witcher (2019) - S01E01.mkv",audio,,3.31
"The Witcher (2019) - S01E01.mkv",muxing,,21.66
"ALL",prescan,ffprobe,0.06
"Schindlers Liste (1993).mkv",subtitle,hdmv_pgs_subtitle,29.30
"Schindlers Liste (1993).mkv",subtitle,hdmv_pgs_subtitle,30.18
"Schindlers Liste (1993).mkv",subtitle,hdmv_pgs_subtitle,16.73
"Schindlers Liste (1993).mkv",audio,,1.96
"Schindlers Liste (1993).mkv",audio,,0.00
"ALL",prescan,ffprobe,0.05
"Schindlers Liste (1993).mkv",subtitle,hdmv_pgs_subtitle,27.46
"Schindlers Liste (1993).mkv",subtitle,hdmv_pgs_subtitle,28.99
"Schindlers Liste (1993).mkv",subtitle,hdmv_pgs_subtitle,16.19
"Schindlers Liste (1993).mkv",subtitle,hdmv_pgs_subtitle,28.80
"Schindlers Liste (1993).mkv",subtitle,hdmv_pgs_subtitle,15.51
"Schindlers Liste (1993).mkv",audio,,8.13
"Schindlers Liste (1993).mkv",audio,,3.35
"ALL",prescan,ffprobe,0.15
"Schindlers Liste (1993).mkv",subtitle,hdmv_pgs_subtitle,28.22
"Schindlers Liste (1993).mkv",subtitle,hdmv_pgs_subtitle,26.96
"Schindlers Liste (1993).mkv",subtitle,hdmv_pgs_subtitle,15.46
"Schindlers Liste (1993).mkv",subtitle,hdmv_pgs_subtitle,27.82
"Schindlers Liste (1993).mkv",subtitle,hdmv_pgs_subtitle,16.86
"Schindlers Liste (1993).mkv",audio,,8.51
"Schindlers Liste (1993).mkv",audio,,3.27
"ALL",prescan,ffprobe,0.05
"Schindlers Liste (1993).mkv",subtitle,hdmv_pgs_subtitle,29.15
"Schindlers Liste (1993).mkv",subtitle,hdmv_pgs_subtitle,27.70
"Schindlers Liste (1993).mkv",audio,,2.10
"Schindlers Liste (1993).mkv",audio,,0.00
"ALL",prescan,ffprobe,0.05
"Schindlers Liste (1993).mkv",subtitle,hdmv_pgs_subtitle,51.68
"Schindlers Liste (1993).mkv",subtitle,hdmv_pgs_subtitle,44.47
"Schindlers Liste (1993).mkv",subtitle,hdmv_pgs_subtitle,14.41
"Schindlers Liste (1993).mkv",subtitle,hdmv_pgs_subtitle,37.57
"Schindlers Liste (1993).mkv",subtitle,hdmv_pgs_subtitle,14.66
"Schindlers Liste (1993).mkv",audio,,6.52
"Schindlers Liste (1993).mkv",audio,,6.06
"ALL",prescan,ffprobe,0.06
"Schindlers Liste (1993).mkv",subtitle,hdmv_pgs_subtitle,45.11
"Schindlers Liste (1993).mkv",subtitle,hdmv_pgs_subtitle,48.25
"Schindlers Liste (1993).mkv",subtitle,hdmv_pgs_subtitle,16.45
"Schindlers Liste (1993).mkv",subtitle,hdmv_pgs_subtitle,39.58
"Schindlers Liste (1993).mkv",subtitle,hdmv_pgs_subtitle,14.82
"Schindlers Liste (1993).mkv",audio,,6.54
"Schindlers Liste (1993).mkv",audio,,6.31
